chunking,retriever,qid,kind,question,gold_doc_ids,retrieved_doc_ids,hit@1,hit@5,mrr,answer_in_context@5,latency_ms
fixed,bm25,q01,lexical,Where in the chloroplast do the light-dependent reactions take place?,photosynthesis,photosynthesis|photosynthesis|photosynthesis|earthquakes|antibiotics,1.0,1.0,1.0,1.0,0.053
fixed,bm25,q02,lexical,Which enzyme fixes carbon dioxide in the Calvin cycle?,photosynthesis,photosynthesis|photosynthesis|photosynthesis|coral_reefs|circulatory_system,1.0,1.0,1.0,1.0,0.059
fixed,bm25,q03,paraphrased,Why do most leaves look green rather than red or blue?,photosynthesis,photosynthesis|volcanoes|renewable_energy|renewable_energy|circulatory_system,1.0,1.0,1.0,1.0,0.056
fixed,bm25,q04,paraphrased,What happens to sugar production when a plant shuts its pores to hold on to water?,photosynthesis,water_cycle|circulatory_system|water_cycle|photosynthesis|photosynthesis,0.0,1.0,0.25,1.0,0.067
fixed,bm25,q05,multi_hop,Which carrier molecule from the light reactions is used by the enzyme that fixes carbon dioxide?,photosynthesis,photosynthesis|photosynthesis|photosynthesis|coral_reefs|antibiotics,1.0,1.0,1.0,1.0,0.071
fixed,bm25,q06,lexical,What proportion of the water on the planet is salty ocean water?,water_cycle,water_cycle|photosynthesis|coral_reefs|volcanoes|earthquakes,1.0,1.0,1.0,1.0,0.069
fixed,bm25,q07,lexical,What do cloud droplets condense onto?,water_cycle,water_cycle|water_cycle|volcanoes|volcanoes,1.0,1.0,1.0,1.0,0.042
fixed,bm25,q08,paraphrased,Why is the far side of a mountain range drier than the side the wind hits?,water_cycle,water_cycle|circulatory_system|photosynthesis|renewable_energy|renewable_energy,1.0,1.0,1.0,1.0,0.06
fixed,bm25,q09,paraphrased,How long does a single water molecule usually stay up in the air?,water_cycle,volcanoes|water_cycle|vaccination|water_cycle|photosynthesis,0.0,1.0,0.5,1.0,0.071
fixed,bm25,q10,multi_hop,"How does water reach an aquifer, and what happens if it is taken out faster than that?",water_cycle,water_cycle|water_cycle|renewable_energy|water_cycle|coral_reefs,1.0,1.0,1.0,1.0,0.045
fixed,bm25,q11,lexical,What is the belt of volcanoes around the Pacific Ocean called?,volcanoes,volcanoes|volcanoes|coral_reefs|water_cycle|coral_reefs,1.0,1.0,1.0,1.0,0.082
fixed,bm25,q12,lexical,What are the dense mudflows formed when volcanic ash mixes with water called?,volcanoes,volcanoes|volcanoes|photosynthesis|coral_reefs|volcanoes,1.0,1.0,1.0,1.0,0.096
fixed,bm25,q13,paraphrased,"How does rock melt where two plates pull apart, without any extra heat being supplied?",volcanoes,volcanoes|earthquakes|volcanoes|renewable_energy|circulatory_system,1.0,1.0,1.0,1.0,0.111
fixed,bm25,q14,paraphrased,Which eruption is held up as the case where warnings worked and lives were saved?,volcanoes,volcanoes|volcanoes|earthquakes|volcanoes|coral_reefs,1.0,1.0,1.0,1.0,0.075
fixed,bm25,q15,multi_hop,"Where is the sticky silica-rich magma generated, and which hazard does it produce?",volcanoes,volcanoes|volcanoes|volcanoes|earthquakes|renewable_energy,1.0,1.0,1.0,1.0,0.087
fixed,bm25,q16,lexical,Which node in the heart acts as the pacemaker?,circulatory_system,circulatory_system|circulatory_system|circulatory_system|antibiotics|vaccination,1.0,1.0,1.0,1.0,0.054
fixed,bm25,q17,lexical,Which vessels are the site of exchange between blood and the tissues?,circulatory_system,circulatory_system|circulatory_system|circulatory_system|coral_reefs|coral_reefs,1.0,1.0,1.0,1.0,0.07
fixed,bm25,q18,paraphrased,Why is one side of the heart noticeably more muscular than the other?,circulatory_system,circulatory_system|circulatory_system|circulatory_system|water_cycle|photosynthesis,1.0,1.0,1.0,1.0,0.087
fixed,bm25,q19,paraphrased,What is the fatty narrowing of vessels that can end in a heart attack?,circulatory_system,circulatory_system|circulatory_system|circulatory_system|antibiotics|coral_reefs,1.0,1.0,1.0,1.0,0.077
fixed,bm25,q20,multi_hop,"What sets the rhythm of the heart, and what carries oxygen in the blood it pumps?",circulatory_system,circulatory_system|circulatory_system|circulatory_system|apollo_programme|photosynthesis,1.0,1.0,1.0,1.0,0.08
fixed,bm25,q21,lexical,Which enzyme do the quinolone antibiotics inhibit?,antibiotics,antibiotics|antibiotics|photosynthesis|photosynthesis|antibiotics,1.0,1.0,1.0,1.0,0.065
fixed,bm25,q22,lexical,What is the transfer of resistance genes between bacteria on plasmids called?,antibiotics,antibiotics|antibiotics|photosynthesis|coral_reefs|antibiotics,1.0,1.0,1.0,1.0,0.039
fixed,bm25,q23,paraphrased,Why will these drugs do nothing for a common cold?,antibiotics,antibiotics|antibiotics|antibiotics|vaccination|apollo_programme,1.0,1.0,1.0,1.0,0.065
fixed,bm25,q24,paraphrased,What is given alongside a penicillin so that bacterial enzymes cannot break it down?,antibiotics,antibiotics|antibiotics|earthquakes|earthquakes|antibiotics,1.0,1.0,1.0,1.0,0.078
fixed,bm25,q25,multi_hop,"Which part of the bacterial cell do beta-lactams disrupt, and which enzyme defeats them?",antibiotics,antibiotics|antibiotics|antibiotics|vaccination|photosynthesis,1.0,1.0,1.0,1.0,0.088
fixed,bm25,q26,lexical,Which mission architecture did the Apollo planners adopt?,apollo_programme,apollo_programme|apollo_programme|apollo_programme,1.0,1.0,1.0,1.0,0.056
fixed,bm25,q27,lexical,Which launch vehicle carried the Apollo spacecraft?,apollo_programme,apollo_programme|apollo_programme|apollo_programme|renewable_energy|circulatory_system,1.0,1.0,1.0,1.0,0.07
fixed,bm25,q28,paraphrased,What did the returned rock samples suggest about how the Moon came to exist?,apollo_programme,apollo_programme|apollo_programme|apollo_programme|earthquakes|antibiotics,1.0,1.0,1.0,1.0,0.08
fixed,bm25,q29,paraphrased,"Which flight was cut short by a burst tank, and how did the crew get home?",apollo_programme,apollo_programme|apollo_programme|apollo_programme|water_cycle|antibiotics,1.0,1.0,1.0,1.0,0.074
fixed,bm25,q30,multi_hop,"Which earlier programme proved docking in orbit, and which accident forced a redesign?",apollo_programme,apollo_programme|apollo_programme|vaccination|vaccination|antibiotics,1.0,1.0,1.0,1.0,0.077
fixed,bm25,q31,lexical,What is the efficiency ceiling of a single-junction photovoltaic cell called?,renewable_energy,renewable_energy|renewable_energy|renewable_energy|vaccination|antibiotics,1.0,1.0,1.0,1.0,0.062
fixed,bm25,q32,lexical,What is the theoretical maximum share of wind energy a rotor can extract called?,renewable_energy,renewable_energy|renewable_energy|coral_reefs|renewable_energy|water_cycle,1.0,1.0,1.0,1.0,0.059
fixed,bm25,q33,paraphrased,Why does a modest increase in wind speed matter so much when choosing a site?,renewable_energy,renewable_energy|photosynthesis|earthquakes|water_cycle|renewable_energy,1.0,1.0,1.0,1.0,0.081
fixed,bm25,q34,paraphrased,Which figure compares what a plant actually produces in a year with running flat out all year?,renewable_energy,renewable_energy|earthquakes|water_cycle|earthquakes|volcanoes,1.0,1.0,1.0,1.0,0.096
fixed,bm25,q35,multi_hop,"What caps the efficiency of a silicon cell, and what capacity factor does solar typically reach?",renewable_energy,renewable_energy|renewable_energy|renewable_energy|photosynthesis|vaccination,1.0,1.0,1.0,1.0,0.087
fixed,bm25,q36,lexical,What is the repeated division of a matching B lymphocyte called?,vaccination,vaccination|circulatory_system|apollo_programme|renewable_energy|renewable_energy,1.0,1.0,1.0,1.0,0.067
fixed,bm25,q37,lexical,Why must influenza vaccines be reformulated every year?,vaccination,vaccination|vaccination|antibiotics|water_cycle|water_cycle,1.0,1.0,1.0,1.0,0.065
fixed,bm25,q38,paraphrased,What shields a newborn who is too young to be immunised when nearly everyone else is protected?,vaccination,vaccination|vaccination|earthquakes|photosynthesis|volcanoes,1.0,1.0,1.0,1.0,0.069
fixed,bm25,q39,paraphrased,Which ingredient strengthens the response to a vaccine without being a target itself?,vaccination,vaccination|vaccination|antibiotics|antibiotics|vaccination,1.0,1.0,1.0,1.0,0.073
fixed,bm25,q40,multi_hop,"Which cells make a second exposure faster, and which vaccine type protects for life after one or two doses?",vaccination,vaccination|vaccination|antibiotics|vaccination|renewable_energy,1.0,1.0,1.0,1.0,0.065
fixed,bm25,q41,lexical,What are the single-celled algae living inside coral tissue called?,coral_reefs,coral_reefs|coral_reefs|photosynthesis|circulatory_system|coral_reefs,1.0,1.0,1.0,1.0,0.045
fixed,bm25,q42,lexical,Which mineral does a coral polyp deposit to form its skeleton?,coral_reefs,coral_reefs|coral_reefs|coral_reefs|volcanoes|water_cycle,1.0,1.0,1.0,1.0,0.039
fixed,bm25,q43,paraphrased,Why does a reef turn white after weeks of unusually warm water?,coral_reefs,coral_reefs|coral_reefs|coral_reefs|volcanoes|water_cycle,1.0,1.0,1.0,1.0,0.044
fixed,bm25,q44,paraphrased,Which starfish strips living tissue straight off the coral?,coral_reefs,coral_reefs|coral_reefs|coral_reefs|water_cycle|circulatory_system,1.0,1.0,1.0,1.0,0.034
fixed,bm25,q45,multi_hop,"What supplies most of the energy a coral uses, and which chemical shift makes building a skeleton harder?",coral_reefs,coral_reefs|coral_reefs|photosynthesis|coral_reefs|renewable_energy,1.0,1.0,1.0,1.0,0.057
fixed,bm25,q46,lexical,Which theory explains the sudden slip of a fault that friction had locked?,earthquakes,earthquakes|water_cycle|earthquakes|coral_reefs|renewable_energy,1.0,1.0,1.0,1.0,0.038
fixed,bm25,q47,lexical,"Which seismic wave cannot pass through the outer core, and why?",earthquakes,earthquakes|earthquakes|earthquakes|volcanoes|antibiotics,1.0,1.0,1.0,1.0,0.039
fixed,bm25,q48,paraphrased,How can a single recording station work out how far away the source was?,earthquakes,earthquakes|earthquakes|water_cycle|volcanoes|volcanoes,1.0,1.0,1.0,1.0,0.045
fixed,bm25,q49,paraphrased,Why do buildings on soft ground fare worse than those founded on solid rock?,earthquakes,earthquakes|earthquakes|earthquakes|volcanoes|volcanoes,1.0,1.0,1.0,1.0,0.042
fixed,bm25,q50,multi_hop,"Which kind of fault produces the very largest events, and which waves do most of the damage?",earthquakes,earthquakes|earthquakes|earthquakes|coral_reefs|renewable_energy,1.0,1.0,1.0,1.0,0.048
fixed,bm25,q51,confusable,Which small tremors give warning that magma is forcing a path upward?,volcanoes,volcanoes|volcanoes|volcanoes|water_cycle|coral_reefs,1.0,1.0,1.0,1.0,0.044
fixed,bm25,q52,confusable,Which gas injected high into the atmosphere by the biggest eruptions cools the planet for a year or more?,volcanoes,volcanoes|volcanoes|volcanoes|water_cycle|photosynthesis,1.0,1.0,1.0,1.0,0.051
fixed,bm25,q53,confusable,How does dissolved carbon dioxide change the acidity of seawater?,coral_reefs,circulatory_system|coral_reefs|photosynthesis|circulatory_system|photosynthesis,0.0,1.0,0.5,1.0,0.041
fixed,bm25,q54,confusable,How is sunlight turned straight into electricity?,renewable_energy,renewable_energy|water_cycle|antibiotics,1.0,1.0,1.0,1.0,0.027
fixed,bm25,q55,confusable,Which everyday measures cut the spread of resistant strains between patients?,antibiotics,antibiotics|vaccination|antibiotics|vaccination|water_cycle,1.0,1.0,1.0,1.0,0.042
fixed,bm25,q56,confusable,What is the slow first reaction to an infection that takes one or two weeks to build?,vaccination,vaccination|photosynthesis|photosynthesis|vaccination|coral_reefs,1.0,1.0,1.0,1.0,0.062
fixed,bm25,q57,confusable,What was the original evidence that the deep interior of the planet holds a liquid layer?,earthquakes,earthquakes|earthquakes|water_cycle|volcanoes|coral_reefs,1.0,1.0,1.0,1.0,0.045
fixed,bm25,q58,confusable,Which pigment absorbs blue and red light most strongly?,photosynthesis,photosynthesis|coral_reefs|renewable_energy|photosynthesis|circulatory_system,1.0,1.0,1.0,1.0,0.039
fixed,bm25,q59,confusable,Which leaf openings let carbon dioxide in and water vapour out?,photosynthesis|water_cycle,photosynthesis|water_cycle|photosynthesis|water_cycle|volcanoes,1.0,1.0,1.0,1.0,0.045
fixed,bm25,q60,confusable,Which form of storage still accounts for the largest grid storage capacity?,renewable_energy,renewable_energy|renewable_energy|water_cycle|apollo_programme|earthquakes,1.0,1.0,1.0,1.0,0.044
fixed,dense,q01,lexical,Where in the chloroplast do the light-dependent reactions take place?,photosynthesis,photosynthesis|photosynthesis|photosynthesis|coral_reefs|circulatory_system,1.0,1.0,1.0,1.0,37.743
fixed,dense,q02,lexical,Which enzyme fixes carbon dioxide in the Calvin cycle?,photosynthesis,photosynthesis|photosynthesis|photosynthesis|coral_reefs|antibiotics,1.0,1.0,1.0,1.0,38.438
fixed,dense,q03,paraphrased,Why do most leaves look green rather than red or blue?,photosynthesis,photosynthesis|photosynthesis|photosynthesis|coral_reefs|water_cycle,1.0,1.0,1.0,1.0,32.146
fixed,dense,q04,paraphrased,What happens to sugar production when a plant shuts its pores to hold on to water?,photosynthesis,photosynthesis|photosynthesis|photosynthesis|water_cycle|water_cycle,1.0,1.0,1.0,1.0,37.156
fixed,dense,q05,multi_hop,Which carrier molecule from the light reactions is used by the enzyme that fixes carbon dioxide?,photosynthesis,photosynthesis|photosynthesis|photosynthesis|coral_reefs|antibiotics,1.0,1.0,1.0,1.0,70.628
fixed,dense,q06,lexical,What proportion of the water on the planet is salty ocean water?,water_cycle,water_cycle|coral_reefs|water_cycle|coral_reefs|water_cycle,1.0,1.0,1.0,1.0,34.109
fixed,dense,q07,lexical,What do cloud droplets condense onto?,water_cycle,water_cycle|photosynthesis|water_cycle|water_cycle|volcanoes,1.0,1.0,1.0,1.0,30.874
fixed,dense,q08,paraphrased,Why is the far side of a mountain range drier than the side the wind hits?,water_cycle,water_cycle|volcanoes|earthquakes|renewable_energy|earthquakes,1.0,1.0,1.0,1.0,40.547
fixed,dense,q09,paraphrased,How long does a single water molecule usually stay up in the air?,water_cycle,water_cycle|water_cycle|water_cycle|photosynthesis|photosynthesis,1.0,1.0,1.0,1.0,35.187
fixed,dense,q10,multi_hop,"How does water reach an aquifer, and what happens if it is taken out faster than that?",water_cycle,water_cycle|water_cycle|water_cycle|earthquakes|earthquakes,1.0,1.0,1.0,1.0,42.806
fixed,dense,q11,lexical,What is the belt of volcanoes around the Pacific Ocean called?,volcanoes,volcanoes|volcanoes|earthquakes|coral_reefs|volcanoes,1.0,1.0,1.0,1.0,36.289
fixed,dense,q12,lexical,What are the dense mudflows formed when volcanic ash mixes with water called?,volcanoes,volcanoes|volcanoes|water_cycle|volcanoes|earthquakes,1.0,1.0,1.0,1.0,35.995
fixed,dense,q13,paraphrased,"How does rock melt where two plates pull apart, without any extra heat being supplied?",volcanoes,volcanoes|volcanoes|earthquakes|earthquakes|volcanoes,1.0,1.0,1.0,1.0,57.045
fixed,dense,q14,paraphrased,Which eruption is held up as the case where warnings worked and lives were saved?,volcanoes,volcanoes|volcanoes|earthquakes|volcanoes|earthquakes,1.0,1.0,1.0,1.0,37.37
fixed,dense,q15,multi_hop,"Where is the sticky silica-rich magma generated, and which hazard does it produce?",volcanoes,volcanoes|volcanoes|volcanoes|coral_reefs|earthquakes,1.0,1.0,1.0,1.0,53.585
fixed,dense,q16,lexical,Which node in the heart acts as the pacemaker?,circulatory_system,circulatory_system|circulatory_system|circulatory_system|photosynthesis|photosynthesis,1.0,1.0,1.0,1.0,33.869
fixed,dense,q17,lexical,Which vessels are the site of exchange between blood and the tissues?,circulatory_system,circulatory_system|circulatory_system|circulatory_system|photosynthesis|coral_reefs,1.0,1.0,1.0,1.0,35.739
fixed,dense,q18,paraphrased,Why is one side of the heart noticeably more muscular than the other?,circulatory_system,circulatory_system|circulatory_system|circulatory_system|volcanoes|earthquakes,1.0,1.0,1.0,1.0,39.779
fixed,dense,q19,paraphrased,What is the fatty narrowing of vessels that can end in a heart attack?,circulatory_system,circulatory_system|circulatory_system|circulatory_system|volcanoes|coral_reefs,1.0,1.0,1.0,1.0,35.12
fixed,dense,q20,multi_hop,"What sets the rhythm of the heart, and what carries oxygen in the blood it pumps?",circulatory_system,circulatory_system|circulatory_system|circulatory_system|photosynthesis|photosynthesis,1.0,1.0,1.0,1.0,38.691
fixed,dense,q21,lexical,Which enzyme do the quinolone antibiotics inhibit?,antibiotics,antibiotics|antibiotics|antibiotics|photosynthesis|photosynthesis,1.0,1.0,1.0,1.0,32.13
fixed,dense,q22,lexical,What is the transfer of resistance genes between bacteria on plasmids called?,antibiotics,antibiotics|antibiotics|antibiotics|photosynthesis|photosynthesis,1.0,1.0,1.0,1.0,37.838
fixed,dense,q23,paraphrased,Why will these drugs do nothing for a common cold?,antibiotics,antibiotics|antibiotics|antibiotics|vaccination|circulatory_system,1.0,1.0,1.0,1.0,32.701
fixed,dense,q24,paraphrased,What is given alongside a penicillin so that bacterial enzymes cannot break it down?,antibiotics,antibiotics|antibiotics|antibiotics|photosynthesis|vaccination,1.0,1.0,1.0,1.0,44.242
fixed,dense,q25,multi_hop,"Which part of the bacterial cell do beta-lactams disrupt, and which enzyme defeats them?",antibiotics,antibiotics|antibiotics|antibiotics|photosynthesis|vaccination,1.0,1.0,1.0,1.0,40.16
fixed,dense,q26,lexical,Which mission architecture did the Apollo planners adopt?,apollo_programme,apollo_programme|apollo_programme|apollo_programme|antibiotics|antibiotics,1.0,1.0,1.0,1.0,31.016
fixed,dense,q27,lexical,Which launch vehicle carried the Apollo spacecraft?,apollo_programme,apollo_programme|apollo_programme|apollo_programme|vaccination|vaccination,1.0,1.0,1.0,1.0,28.058
fixed,dense,q28,paraphrased,What did the returned rock samples suggest about how the Moon came to exist?,apollo_programme,apollo_programme|apollo_programme|apollo_programme|volcanoes|volcanoes,1.0,1.0,1.0,1.0,35.634
fixed,dense,q29,paraphrased,"Which flight was cut short by a burst tank, and how did the crew get home?",apollo_programme,apollo_programme|apollo_programme|apollo_programme|circulatory_system|circulatory_system,1.0,1.0,1.0,1.0,51.681
fixed,dense,q30,multi_hop,"Which earlier programme proved docking in orbit, and which accident forced a redesign?",apollo_programme,apollo_programme|apollo_programme|apollo_programme|volcanoes|antibiotics,1.0,1.0,1.0,1.0,34.746
fixed,dense,q31,lexical,What is the efficiency ceiling of a single-junction photovoltaic cell called?,renewable_energy,renewable_energy|renewable_energy|renewable_energy|photosynthesis|photosynthesis,1.0,1.0,1.0,1.0,81.311
fixed,dense,q32,lexical,What is the theoretical maximum share of wind energy a rotor can extract called?,renewable_energy,renewable_energy|renewable_energy|renewable_energy|earthquakes|water_cycle,1.0,1.0,1.0,1.0,34.958
fixed,dense,q33,paraphrased,Why does a modest increase in wind speed matter so much when choosing a site?,renewable_energy,renewable_energy|renewable_energy|water_cycle|renewable_energy|earthquakes,1.0,1.0,1.0,1.0,40.014
fixed,dense,q34,paraphrased,Which figure compares what a plant actually produces in a year with running flat out all year?,renewable_energy,photosynthesis|photosynthesis|water_cycle|photosynthesis|renewable_energy,0.0,1.0,0.2,1.0,39.091
fixed,dense,q35,multi_hop,"What caps the efficiency of a silicon cell, and what capacity factor does solar typically reach?",renewable_energy,renewable_energy|renewable_energy|renewable_energy|photosynthesis|photosynthesis,1.0,1.0,1.0,1.0,44.987
fixed,dense,q36,lexical,What is the repeated division of a matching B lymphocyte called?,vaccination,vaccination|vaccination|circulatory_system|vaccination|antibiotics,1.0,1.0,1.0,1.0,40.601
fixed,dense,q37,lexical,Why must influenza vaccines be reformulated every year?,vaccination,vaccination|vaccination|vaccination|antibiotics|antibiotics,1.0,1.0,1.0,1.0,43.058
fixed,dense,q38,paraphrased,What shields a newborn who is too young to be immunised when nearly everyone else is protected?,vaccination,vaccination|vaccination|vaccination|antibiotics|antibiotics,1.0,1.0,1.0,1.0,75.285
fixed,dense,q39,paraphrased,Which ingredient strengthens the response to a vaccine without being a target itself?,vaccination,vaccination|vaccination|vaccination|antibiotics|antibiotics,1.0,1.0,1.0,1.0,44.109
fixed,dense,q40,multi_hop,"Which cells make a second exposure faster, and which vaccine type protects for life after one or two doses?",vaccination,vaccination|vaccination|vaccination|antibiotics|antibiotics,1.0,1.0,1.0,1.0,42.528
fixed,dense,q41,lexical,What are the single-celled algae living inside coral tissue called?,coral_reefs,coral_reefs|coral_reefs|coral_reefs|photosynthesis|photosynthesis,1.0,1.0,1.0,1.0,38.712
fixed,dense,q42,lexical,Which mineral does a coral polyp deposit to form its skeleton?,coral_reefs,coral_reefs|coral_reefs|coral_reefs|volcanoes|volcanoes,1.0,1.0,1.0,1.0,52.105
fixed,dense,q43,paraphrased,Why does a reef turn white after weeks of unusually warm water?,coral_reefs,coral_reefs|coral_reefs|coral_reefs|photosynthesis|water_cycle,1.0,1.0,1.0,1.0,35.274
fixed,dense,q44,paraphrased,Which starfish strips living tissue straight off the coral?,coral_reefs,coral_reefs|coral_reefs|coral_reefs|circulatory_system|photosynthesis,1.0,1.0,1.0,1.0,34.752
fixed,dense,q45,multi_hop,"What supplies most of the energy a coral uses, and which chemical shift makes building a skeleton harder?",coral_reefs,coral_reefs|coral_reefs|coral_reefs|photosynthesis|photosynthesis,1.0,1.0,1.0,1.0,64.966
fixed,dense,q46,lexical,Which theory explains the sudden slip of a fault that friction had locked?,earthquakes,earthquakes|earthquakes|volcanoes|earthquakes|volcanoes,1.0,1.0,1.0,1.0,34.74
fixed,dense,q47,lexical,"Which seismic wave cannot pass through the outer core, and why?",earthquakes,earthquakes|earthquakes|volcanoes|earthquakes|volcanoes,1.0,1.0,1.0,1.0,35.332
fixed,dense,q48,paraphrased,How can a single recording station work out how far away the source was?,earthquakes,earthquakes|apollo_programme|earthquakes|circulatory_system|volcanoes,1.0,1.0,1.0,1.0,50.408
fixed,dense,q49,paraphrased,Why do buildings on soft ground fare worse than those founded on solid rock?,earthquakes,earthquakes|earthquakes|earthquakes|coral_reefs|volcanoes,1.0,1.0,1.0,1.0,47.801
fixed,dense,q50,multi_hop,"Which kind of fault produces the very largest events, and which waves do most of the damage?",earthquakes,earthquakes|earthquakes|earthquakes|volcanoes|volcanoes,1.0,1.0,1.0,1.0,48.178
fixed,dense,q51,confusable,Which small tremors give warning that magma is forcing a path upward?,volcanoes,volcanoes|volcanoes|volcanoes|earthquakes|earthquakes,1.0,1.0,1.0,1.0,40.317
fixed,dense,q52,confusable,Which gas injected high into the atmosphere by the biggest eruptions cools the planet for a year or more?,volcanoes,volcanoes|volcanoes|water_cycle|volcanoes|coral_reefs,1.0,1.0,1.0,1.0,43.761
fixed,dense,q53,confusable,How does dissolved carbon dioxide change the acidity of seawater?,coral_reefs,coral_reefs|water_cycle|photosynthesis|photosynthesis|photosynthesis,1.0,1.0,1.0,1.0,48.703
fixed,dense,q54,confusable,How is sunlight turned straight into electricity?,renewable_energy,renewable_energy|photosynthesis|photosynthesis|photosynthesis|renewable_energy,1.0,1.0,1.0,1.0,31.174
fixed,dense,q55,confusable,Which everyday measures cut the spread of resistant strains between patients?,antibiotics,antibiotics|antibiotics|vaccination|antibiotics|vaccination,1.0,1.0,1.0,1.0,32.706
fixed,dense,q56,confusable,What is the slow first reaction to an infection that takes one or two weeks to build?,vaccination,antibiotics|antibiotics|antibiotics|vaccination|vaccination,0.0,1.0,0.25,1.0,41.317
fixed,dense,q57,confusable,What was the original evidence that the deep interior of the planet holds a liquid layer?,earthquakes,earthquakes|volcanoes|water_cycle|water_cycle|volcanoes,1.0,1.0,1.0,1.0,39.365
fixed,dense,q58,confusable,Which pigment absorbs blue and red light most strongly?,photosynthesis,photosynthesis|coral_reefs|photosynthesis|photosynthesis|coral_reefs,1.0,1.0,1.0,1.0,28.307
fixed,dense,q59,confusable,Which leaf openings let carbon dioxide in and water vapour out?,photosynthesis|water_cycle,photosynthesis|photosynthesis|photosynthesis|water_cycle|water_cycle,1.0,1.0,1.0,1.0,37.79
fixed,dense,q60,confusable,Which form of storage still accounts for the largest grid storage capacity?,renewable_energy,renewable_energy|renewable_energy|renewable_energy|water_cycle|water_cycle,1.0,1.0,1.0,1.0,30.861
fixed,hybrid,q01,lexical,Where in the chloroplast do the light-dependent reactions take place?,photosynthesis,photosynthesis|photosynthesis|photosynthesis|coral_reefs|earthquakes,1.0,1.0,1.0,1.0,39.541
fixed,hybrid,q02,lexical,Which enzyme fixes carbon dioxide in the Calvin cycle?,photosynthesis,photosynthesis|photosynthesis|photosynthesis|coral_reefs|antibiotics,1.0,1.0,1.0,1.0,38.016
fixed,hybrid,q03,paraphrased,Why do most leaves look green rather than red or blue?,photosynthesis,photosynthesis|photosynthesis|photosynthesis|coral_reefs|renewable_energy,1.0,1.0,1.0,1.0,56.768
fixed,hybrid,q04,paraphrased,What happens to sugar production when a plant shuts its pores to hold on to water?,photosynthesis,photosynthesis|photosynthesis|photosynthesis|water_cycle|water_cycle,1.0,1.0,1.0,1.0,40.499
fixed,hybrid,q05,multi_hop,Which carrier molecule from the light reactions is used by the enzyme that fixes carbon dioxide?,photosynthesis,photosynthesis|photosynthesis|photosynthesis|coral_reefs|antibiotics,1.0,1.0,1.0,1.0,40.916
fixed,hybrid,q06,lexical,What proportion of the water on the planet is salty ocean water?,water_cycle,water_cycle|coral_reefs|coral_reefs|volcanoes|coral_reefs,1.0,1.0,1.0,1.0,38.287
fixed,hybrid,q07,lexical,What do cloud droplets condense onto?,water_cycle,water_cycle|water_cycle|volcanoes|photosynthesis|volcanoes,1.0,1.0,1.0,1.0,27.477
fixed,hybrid,q08,paraphrased,Why is the far side of a mountain range drier than the side the wind hits?,water_cycle,water_cycle|circulatory_system|renewable_energy|volcanoes|earthquakes,1.0,1.0,1.0,1.0,29.717
fixed,hybrid,q09,paraphrased,How long does a single water molecule usually stay up in the air?,water_cycle,water_cycle|water_cycle|photosynthesis|photosynthesis|volcanoes,1.0,1.0,1.0,1.0,21.103
fixed,hybrid,q10,multi_hop,"How does water reach an aquifer, and what happens if it is taken out faster than that?",water_cycle,water_cycle|water_cycle|water_cycle|earthquakes|earthquakes,1.0,1.0,1.0,1.0,71.244
fixed,hybrid,q11,lexical,What is the belt of volcanoes around the Pacific Ocean called?,volcanoes,volcanoes|volcanoes|coral_reefs|water_cycle|coral_reefs,1.0,1.0,1.0,1.0,48.956
fixed,hybrid,q12,lexical,What are the dense mudflows formed when volcanic ash mixes with water called?,volcanoes,volcanoes|volcanoes|water_cycle|volcanoes|coral_reefs,1.0,1.0,1.0,1.0,52.835
fixed,hybrid,q13,paraphrased,"How does rock melt where two plates pull apart, without any extra heat being supplied?",volcanoes,volcanoes|volcanoes|earthquakes|volcanoes|earthquakes,1.0,1.0,1.0,1.0,20.778
fixed,hybrid,q14,paraphrased,Which eruption is held up as the case where warnings worked and lives were saved?,volcanoes,volcanoes|volcanoes|earthquakes|volcanoes|earthquakes,1.0,1.0,1.0,1.0,58.226
fixed,hybrid,q15,multi_hop,"Where is the sticky silica-rich magma generated, and which hazard does it produce?",volcanoes,volcanoes|volcanoes|volcanoes|earthquakes|coral_reefs,1.0,1.0,1.0,1.0,56.571
fixed,hybrid,q16,lexical,Which node in the heart acts as the pacemaker?,circulatory_system,circulatory_system|circulatory_system|circulatory_system|photosynthesis|antibiotics,1.0,1.0,1.0,1.0,68.673
fixed,hybrid,q17,lexical,Which vessels are the site of exchange between blood and the tissues?,circulatory_system,circulatory_system|circulatory_system|circulatory_system|coral_reefs|coral_reefs,1.0,1.0,1.0,1.0,44.119
fixed,hybrid,q18,paraphrased,Why is one side of the heart noticeably more muscular than the other?,circulatory_system,circulatory_system|circulatory_system|circulatory_system|volcanoes|earthquakes,1.0,1.0,1.0,1.0,51.707
fixed,hybrid,q19,paraphrased,What is the fatty narrowing of vessels that can end in a heart attack?,circulatory_system,circulatory_system|circulatory_system|circulatory_system|antibiotics|volcanoes,1.0,1.0,1.0,1.0,51.959
fixed,hybrid,q20,multi_hop,"What sets the rhythm of the heart, and what carries oxygen in the blood it pumps?",circulatory_system,circulatory_system|circulatory_system|circulatory_system|photosynthesis|photosynthesis,1.0,1.0,1.0,1.0,53.511
fixed,hybrid,q21,lexical,Which enzyme do the quinolone antibiotics inhibit?,antibiotics,antibiotics|antibiotics|antibiotics|photosynthesis|photosynthesis,1.0,1.0,1.0,1.0,37.532
fixed,hybrid,q22,lexical,What is the transfer of resistance genes between bacteria on plasmids called?,antibiotics,antibiotics|antibiotics|antibiotics|photosynthesis|photosynthesis,1.0,1.0,1.0,1.0,41.078
fixed,hybrid,q23,paraphrased,Why will these drugs do nothing for a common cold?,antibiotics,antibiotics|antibiotics|antibiotics|vaccination|apollo_programme,1.0,1.0,1.0,1.0,43.053
fixed,hybrid,q24,paraphrased,What is given alongside a penicillin so that bacterial enzymes cannot break it down?,antibiotics,antibiotics|antibiotics|antibiotics|photosynthesis|vaccination,1.0,1.0,1.0,1.0,54.904
fixed,hybrid,q25,multi_hop,"Which part of the bacterial cell do beta-lactams disrupt, and which enzyme defeats them?",antibiotics,antibiotics|antibiotics|antibiotics|vaccination|photosynthesis,1.0,1.0,1.0,1.0,57.775
fixed,hybrid,q26,lexical,Which mission architecture did the Apollo planners adopt?,apollo_programme,apollo_programme|apollo_programme|apollo_programme|antibiotics|antibiotics,1.0,1.0,1.0,1.0,38.191
fixed,hybrid,q27,lexical,Which launch vehicle carried the Apollo spacecraft?,apollo_programme,apollo_programme|apollo_programme|apollo_programme|circulatory_system|circulatory_system,1.0,1.0,1.0,1.0,32.205
fixed,hybrid,q28,paraphrased,What did the returned rock samples suggest about how the Moon came to exist?,apollo_programme,apollo_programme|apollo_programme|apollo_programme|volcanoes|volcanoes,1.0,1.0,1.0,1.0,57.128
fixed,hybrid,q29,paraphrased,"Which flight was cut short by a burst tank, and how did the crew get home?",apollo_programme,apollo_programme|apollo_programme|apollo_programme|antibiotics|water_cycle,1.0,1.0,1.0,1.0,65.629
fixed,hybrid,q30,multi_hop,"Which earlier programme proved docking in orbit, and which accident forced a redesign?",apollo_programme,apollo_programme|apollo_programme|apollo_programme|vaccination|vaccination,1.0,1.0,1.0,1.0,49.887
fixed,hybrid,q31,lexical,What is the efficiency ceiling of a single-junction photovoltaic cell called?,renewable_energy,renewable_energy|renewable_energy|renewable_energy|photosynthesis|photosynthesis,1.0,1.0,1.0,1.0,64.58
fixed,hybrid,q32,lexical,What is the theoretical maximum share of wind energy a rotor can extract called?,renewable_energy,renewable_energy|renewable_energy|renewable_energy|water_cycle|photosynthesis,1.0,1.0,1.0,1.0,36.886
fixed,hybrid,q33,paraphrased,Why does a modest increase in wind speed matter so much when choosing a site?,renewable_energy,renewable_energy|photosynthesis|renewable_energy|earthquakes|renewable_energy,1.0,1.0,1.0,1.0,38.283
fixed,hybrid,q34,paraphrased,Which figure compares what a plant actually produces in a year with running flat out all year?,renewable_energy,renewable_energy|photosynthesis|water_cycle|earthquakes|photosynthesis,1.0,1.0,1.0,1.0,44.793
fixed,hybrid,q35,multi_hop,"What caps the efficiency of a silicon cell, and what capacity factor does solar typically reach?",renewable_energy,renewable_energy|renewable_energy|renewable_energy|photosynthesis|water_cycle,1.0,1.0,1.0,1.0,37.76
fixed,hybrid,q36,lexical,What is the repeated division of a matching B lymphocyte called?,vaccination,vaccination|circulatory_system|vaccination|vaccination|antibiotics,1.0,1.0,1.0,1.0,36.382
fixed,hybrid,q37,lexical,Why must influenza vaccines be reformulated every year?,vaccination,vaccination|vaccination|vaccination|antibiotics|water_cycle,1.0,1.0,1.0,1.0,45.533
fixed,hybrid,q38,paraphrased,What shields a newborn who is too young to be immunised when nearly everyone else is protected?,vaccination,vaccination|vaccination|vaccination|antibiotics|antibiotics,1.0,1.0,1.0,1.0,62.768
fixed,hybrid,q39,paraphrased,Which ingredient strengthens the response to a vaccine without being a target itself?,vaccination,vaccination|vaccination|vaccination|antibiotics|antibiotics,1.0,1.0,1.0,1.0,65.777
fixed,hybrid,q40,multi_hop,"Which cells make a second exposure faster, and which vaccine type protects for life after one or two doses?",vaccination,vaccination|vaccination|vaccination|antibiotics|antibiotics,1.0,1.0,1.0,1.0,45.025
fixed,hybrid,q41,lexical,What are the single-celled algae living inside coral tissue called?,coral_reefs,coral_reefs|coral_reefs|photosynthesis|coral_reefs|photosynthesis,1.0,1.0,1.0,1.0,50.725
fixed,hybrid,q42,lexical,Which mineral does a coral polyp deposit to form its skeleton?,coral_reefs,coral_reefs|coral_reefs|coral_reefs|volcanoes|volcanoes,1.0,1.0,1.0,1.0,34.661
fixed,hybrid,q43,paraphrased,Why does a reef turn white after weeks of unusually warm water?,coral_reefs,coral_reefs|coral_reefs|coral_reefs|water_cycle|volcanoes,1.0,1.0,1.0,1.0,42.986
fixed,hybrid,q44,paraphrased,Which starfish strips living tissue straight off the coral?,coral_reefs,coral_reefs|coral_reefs|coral_reefs|circulatory_system|circulatory_system,1.0,1.0,1.0,1.0,34.221
fixed,hybrid,q45,multi_hop,"What supplies most of the energy a coral uses, and which chemical shift makes building a skeleton harder?",coral_reefs,coral_reefs|coral_reefs|coral_reefs|photosynthesis|photosynthesis,1.0,1.0,1.0,1.0,45.542
fixed,hybrid,q46,lexical,Which theory explains the sudden slip of a fault that friction had locked?,earthquakes,earthquakes|earthquakes|volcanoes|earthquakes|volcanoes,1.0,1.0,1.0,1.0,51.704
fixed,hybrid,q47,lexical,"Which seismic wave cannot pass through the outer core, and why?",earthquakes,earthquakes|earthquakes|earthquakes|volcanoes|volcanoes,1.0,1.0,1.0,1.0,33.198
fixed,hybrid,q48,paraphrased,How can a single recording station work out how far away the source was?,earthquakes,earthquakes|earthquakes|volcanoes|circulatory_system|apollo_programme,1.0,1.0,1.0,1.0,39.228
fixed,hybrid,q49,paraphrased,Why do buildings on soft ground fare worse than those founded on solid rock?,earthquakes,earthquakes|earthquakes|earthquakes|volcanoes|volcanoes,1.0,1.0,1.0,1.0,40.914
fixed,hybrid,q50,multi_hop,"Which kind of fault produces the very largest events, and which waves do most of the damage?",earthquakes,earthquakes|earthquakes|earthquakes|volcanoes|volcanoes,1.0,1.0,1.0,1.0,48.176
fixed,hybrid,q51,confusable,Which small tremors give warning that magma is forcing a path upward?,volcanoes,volcanoes|volcanoes|volcanoes|earthquakes|water_cycle,1.0,1.0,1.0,1.0,41.787
fixed,hybrid,q52,confusable,Which gas injected high into the atmosphere by the biggest eruptions cools the planet for a year or more?,volcanoes,volcanoes|volcanoes|volcanoes|water_cycle|water_cycle,1.0,1.0,1.0,1.0,48.814
fixed,hybrid,q53,confusable,How does dissolved carbon dioxide change the acidity of seawater?,coral_reefs,coral_reefs|photosynthesis|photosynthesis|circulatory_system|circulatory_system,1.0,1.0,1.0,1.0,36.721
fixed,hybrid,q54,confusable,How is sunlight turned straight into electricity?,renewable_energy,renewable_energy|water_cycle|photosynthesis|photosynthesis|photosynthesis,1.0,1.0,1.0,1.0,32.341
fixed,hybrid,q55,confusable,Which everyday measures cut the spread of resistant strains between patients?,antibiotics,antibiotics|vaccination|antibiotics|vaccination|antibiotics,1.0,1.0,1.0,1.0,68.895
fixed,hybrid,q56,confusable,What is the slow first reaction to an infection that takes one or two weeks to build?,vaccination,vaccination|antibiotics|vaccination|photosynthesis|antibiotics,1.0,1.0,1.0,1.0,42.484
fixed,hybrid,q57,confusable,What was the original evidence that the deep interior of the planet holds a liquid layer?,earthquakes,earthquakes|earthquakes|volcanoes|water_cycle|water_cycle,1.0,1.0,1.0,1.0,44.219
fixed,hybrid,q58,confusable,Which pigment absorbs blue and red light most strongly?,photosynthesis,photosynthesis|coral_reefs|photosynthesis|photosynthesis|circulatory_system,1.0,1.0,1.0,1.0,52.325
fixed,hybrid,q59,confusable,Which leaf openings let carbon dioxide in and water vapour out?,photosynthesis|water_cycle,photosynthesis|photosynthesis|water_cycle|water_cycle|photosynthesis,1.0,1.0,1.0,1.0,33.071
fixed,hybrid,q60,confusable,Which form of storage still accounts for the largest grid storage capacity?,renewable_energy,renewable_energy|renewable_energy|water_cycle|renewable_energy|apollo_programme,1.0,1.0,1.0,1.0,31.139
paragraph,bm25,q01,lexical,Where in the chloroplast do the light-dependent reactions take place?,photosynthesis,photosynthesis|photosynthesis|photosynthesis|photosynthesis|earthquakes,1.0,1.0,1.0,1.0,0.085
paragraph,bm25,q02,lexical,Which enzyme fixes carbon dioxide in the Calvin cycle?,photosynthesis,photosynthesis|photosynthesis|photosynthesis|coral_reefs|photosynthesis,1.0,1.0,1.0,1.0,0.091
paragraph,bm25,q03,paraphrased,Why do most leaves look green rather than red or blue?,photosynthesis,photosynthesis|volcanoes|circulatory_system|antibiotics|renewable_energy,1.0,1.0,1.0,1.0,0.081
paragraph,bm25,q04,paraphrased,What happens to sugar production when a plant shuts its pores to hold on to water?,photosynthesis,photosynthesis|water_cycle|water_cycle|photosynthesis|photosynthesis,1.0,1.0,1.0,1.0,0.103
paragraph,bm25,q05,multi_hop,Which carrier molecule from the light reactions is used by the enzyme that fixes carbon dioxide?,photosynthesis,photosynthesis|photosynthesis|photosynthesis|photosynthesis|photosynthesis,1.0,1.0,1.0,1.0,0.117
paragraph,bm25,q06,lexical,What proportion of the water on the planet is salty ocean water?,water_cycle,water_cycle|water_cycle|coral_reefs|coral_reefs|photosynthesis,1.0,1.0,1.0,1.0,0.112
paragraph,bm25,q07,lexical,What do cloud droplets condense onto?,water_cycle,water_cycle|water_cycle|volcanoes,1.0,1.0,1.0,1.0,0.058
paragraph,bm25,q08,paraphrased,Why is the far side of a mountain range drier than the side the wind hits?,water_cycle,water_cycle|circulatory_system|photosynthesis|renewable_energy|antibiotics,1.0,1.0,1.0,1.0,0.088
paragraph,bm25,q09,paraphrased,How long does a single water molecule usually stay up in the air?,water_cycle,vaccination|volcanoes|photosynthesis|photosynthesis|water_cycle,0.0,1.0,0.2,0.0,0.118
paragraph,bm25,q10,multi_hop,"How does water reach an aquifer, and what happens if it is taken out faster than that?",water_cycle,water_cycle|water_cycle|renewable_energy|coral_reefs|earthquakes,1.0,1.0,1.0,1.0,0.11
paragraph,bm25,q11,lexical,What is the belt of volcanoes around the Pacific Ocean called?,volcanoes,volcanoes|water_cycle|coral_reefs|volcanoes|volcanoes,1.0,1.0,1.0,1.0,0.059
paragraph,bm25,q12,lexical,What are the dense mudflows formed when volcanic ash mixes with water called?,volcanoes,volcanoes|volcanoes|photosynthesis|coral_reefs|volcanoes,1.0,1.0,1.0,1.0,0.114
paragraph,bm25,q13,paraphrased,"How does rock melt where two plates pull apart, without any extra heat being supplied?",volcanoes,volcanoes|volcanoes|volcanoes|earthquakes|earthquakes,1.0,1.0,1.0,1.0,0.1
paragraph,bm25,q14,paraphrased,Which eruption is held up as the case where warnings worked and lives were saved?,volcanoes,volcanoes|volcanoes|volcanoes|volcanoes|vaccination,1.0,1.0,1.0,1.0,0.099
paragraph,bm25,q15,multi_hop,"Where is the sticky silica-rich magma generated, and which hazard does it produce?",volcanoes,volcanoes|volcanoes|volcanoes|earthquakes|volcanoes,1.0,1.0,1.0,0.0,0.094
paragraph,bm25,q16,lexical,Which node in the heart acts as the pacemaker?,circulatory_system,circulatory_system|circulatory_system|circulatory_system|circulatory_system|antibiotics,1.0,1.0,1.0,1.0,0.073
paragraph,bm25,q17,lexical,Which vessels are the site of exchange between blood and the tissues?,circulatory_system,circulatory_system|circulatory_system|circulatory_system|circulatory_system|circulatory_system,1.0,1.0,1.0,1.0,0.08
paragraph,bm25,q18,paraphrased,Why is one side of the heart noticeably more muscular than the other?,circulatory_system,circulatory_system|circulatory_system|circulatory_system|water_cycle|circulatory_system,1.0,1.0,1.0,1.0,0.085
paragraph,bm25,q19,paraphrased,What is the fatty narrowing of vessels that can end in a heart attack?,circulatory_system,circulatory_system|circulatory_system|circulatory_system|antibiotics|circulatory_system,1.0,1.0,1.0,1.0,0.085
paragraph,bm25,q20,multi_hop,"What sets the rhythm of the heart, and what carries oxygen in the blood it pumps?",circulatory_system,circulatory_system|circulatory_system|circulatory_system|circulatory_system|circulatory_system,1.0,1.0,1.0,1.0,0.115
paragraph,bm25,q21,lexical,Which enzyme do the quinolone antibiotics inhibit?,antibiotics,antibiotics|antibiotics|photosynthesis|antibiotics|photosynthesis,1.0,1.0,1.0,1.0,0.066
paragraph,bm25,q22,lexical,What is the transfer of resistance genes between bacteria on plasmids called?,antibiotics,antibiotics|antibiotics|antibiotics|coral_reefs|antibiotics,1.0,1.0,1.0,1.0,0.081
paragraph,bm25,q23,paraphrased,Why will these drugs do nothing for a common cold?,antibiotics,antibiotics|antibiotics|antibiotics|antibiotics|apollo_programme,1.0,1.0,1.0,1.0,0.079
paragraph,bm25,q24,paraphrased,What is given alongside a penicillin so that bacterial enzymes cannot break it down?,antibiotics,antibiotics|antibiotics|earthquakes|antibiotics|photosynthesis,1.0,1.0,1.0,0.0,0.074
paragraph,bm25,q25,multi_hop,"Which part of the bacterial cell do beta-lactams disrupt, and which enzyme defeats them?",antibiotics,antibiotics|antibiotics|vaccination|antibiotics|apollo_programme,1.0,1.0,1.0,1.0,0.083
paragraph,bm25,q26,lexical,Which mission architecture did the Apollo planners adopt?,apollo_programme,apollo_programme|apollo_programme|apollo_programme|apollo_programme|apollo_programme,1.0,1.0,1.0,1.0,0.063
paragraph,bm25,q27,lexical,Which launch vehicle carried the Apollo spacecraft?,apollo_programme,apollo_programme|apollo_programme|apollo_programme|apollo_programme|apollo_programme,1.0,1.0,1.0,1.0,0.07
paragraph,bm25,q28,paraphrased,What did the returned rock samples suggest about how the Moon came to exist?,apollo_programme,apollo_programme|apollo_programme|apollo_programme|earthquakes|apollo_programme,1.0,1.0,1.0,1.0,0.078
paragraph,bm25,q29,paraphrased,"Which flight was cut short by a burst tank, and how did the crew get home?",apollo_programme,apollo_programme|apollo_programme|apollo_programme|apollo_programme|water_cycle,1.0,1.0,1.0,1.0,0.076
paragraph,bm25,q30,multi_hop,"Which earlier programme proved docking in orbit, and which accident forced a redesign?",apollo_programme,apollo_programme|apollo_programme|apollo_programme|vaccination|vaccination,1.0,1.0,1.0,1.0,0.056
paragraph,bm25,q31,lexical,What is the efficiency ceiling of a single-junction photovoltaic cell called?,renewable_energy,renewable_energy|renewable_energy|antibiotics|vaccination|vaccination,1.0,1.0,1.0,1.0,0.12
paragraph,bm25,q32,lexical,What is the theoretical maximum share of wind energy a rotor can extract called?,renewable_energy,renewable_energy|coral_reefs|renewable_energy|renewable_energy|water_cycle,1.0,1.0,1.0,1.0,0.135
paragraph,bm25,q33,paraphrased,Why does a modest increase in wind speed matter so much when choosing a site?,renewable_energy,renewable_energy|photosynthesis|water_cycle|renewable_energy|earthquakes,1.0,1.0,1.0,1.0,0.102
paragraph,bm25,q34,paraphrased,Which figure compares what a plant actually produces in a year with running flat out all year?,renewable_energy,renewable_energy|earthquakes|earthquakes|water_cycle|water_cycle,1.0,1.0,1.0,1.0,0.098
paragraph,bm25,q35,multi_hop,"What caps the efficiency of a silicon cell, and what capacity factor does solar typically reach?",renewable_energy,renewable_energy|renewable_energy|renewable_energy|renewable_energy|vaccination,1.0,1.0,1.0,1.0,0.111
paragraph,bm25,q36,lexical,What is the repeated division of a matching B lymphocyte called?,vaccination,vaccination|circulatory_system|renewable_energy|renewable_energy|apollo_programme,1.0,1.0,1.0,1.0,0.089
paragraph,bm25,q37,lexical,Why must influenza vaccines be reformulated every year?,vaccination,vaccination|vaccination|vaccination|photosynthesis|antibiotics,1.0,1.0,1.0,1.0,0.098
paragraph,bm25,q38,paraphrased,What shields a newborn who is too young to be immunised when nearly everyone else is protected?,vaccination,vaccination|photosynthesis|vaccination|volcanoes|earthquakes,1.0,1.0,1.0,1.0,0.087
paragraph,bm25,q39,paraphrased,Which ingredient strengthens the response to a vaccine without being a target itself?,vaccination,vaccination|vaccination|vaccination|vaccination|antibiotics,1.0,1.0,1.0,1.0,0.083
paragraph,bm25,q40,multi_hop,"Which cells make a second exposure faster, and which vaccine type protects for life after one or two doses?",vaccination,vaccination|vaccination|vaccination|antibiotics|vaccination,1.0,1.0,1.0,1.0,0.082
paragraph,bm25,q41,lexical,What are the single-celled algae living inside coral tissue called?,coral_reefs,coral_reefs|coral_reefs|coral_reefs|photosynthesis|coral_reefs,1.0,1.0,1.0,1.0,0.101
paragraph,bm25,q42,lexical,Which mineral does a coral polyp deposit to form its skeleton?,coral_reefs,coral_reefs|coral_reefs|coral_reefs|coral_reefs|water_cycle,1.0,1.0,1.0,1.0,0.097
paragraph,bm25,q43,paraphrased,Why does a reef turn white after weeks of unusually warm water?,coral_reefs,coral_reefs|coral_reefs|coral_reefs|volcanoes|vaccination,1.0,1.0,1.0,1.0,0.106
paragraph,bm25,q44,paraphrased,Which starfish strips living tissue straight off the coral?,coral_reefs,coral_reefs|coral_reefs|coral_reefs|water_cycle|coral_reefs,1.0,1.0,1.0,1.0,0.083
paragraph,bm25,q45,multi_hop,"What supplies most of the energy a coral uses, and which chemical shift makes building a skeleton harder?",coral_reefs,coral_reefs|coral_reefs|coral_reefs|coral_reefs|photosynthesis,1.0,1.0,1.0,1.0,0.102
paragraph,bm25,q46,lexical,Which theory explains the sudden slip of a fault that friction had locked?,earthquakes,earthquakes|water_cycle|earthquakes|earthquakes|coral_reefs,1.0,1.0,1.0,1.0,0.071
paragraph,bm25,q47,lexical,"Which seismic wave cannot pass through the outer core, and why?",earthquakes,earthquakes|earthquakes|earthquakes|earthquakes|earthquakes,1.0,1.0,1.0,1.0,0.075
paragraph,bm25,q48,paraphrased,How can a single recording station work out how far away the source was?,earthquakes,earthquakes|earthquakes|volcanoes|circulatory_system|volcanoes,1.0,1.0,1.0,1.0,0.081
paragraph,bm25,q49,paraphrased,Why do buildings on soft ground fare worse than those founded on solid rock?,earthquakes,earthquakes|earthquakes|volcanoes|volcanoes|earthquakes,1.0,1.0,1.0,1.0,0.055
paragraph,bm25,q50,multi_hop,"Which kind of fault produces the very largest events, and which waves do most of the damage?",earthquakes,earthquakes|earthquakes|earthquakes|earthquakes|coral_reefs,1.0,1.0,1.0,0.0,0.06
paragraph,bm25,q51,confusable,Which small tremors give warning that magma is forcing a path upward?,volcanoes,volcanoes|volcanoes|coral_reefs|volcanoes|antibiotics,1.0,1.0,1.0,1.0,0.054
paragraph,bm25,q52,confusable,Which gas injected high into the atmosphere by the biggest eruptions cools the planet for a year or more?,volcanoes,volcanoes|volcanoes|volcanoes|photosynthesis|water_cycle,1.0,1.0,1.0,1.0,0.062
paragraph,bm25,q53,confusable,How does dissolved carbon dioxide change the acidity of seawater?,coral_reefs,coral_reefs|circulatory_system|photosynthesis|photosynthesis|photosynthesis,1.0,1.0,1.0,1.0,0.052
paragraph,bm25,q54,confusable,How is sunlight turned straight into electricity?,renewable_energy,antibiotics|renewable_energy|water_cycle|renewable_energy,0.0,1.0,0.5,1.0,0.039
paragraph,bm25,q55,confusable,Which everyday measures cut the spread of resistant strains between patients?,antibiotics,antibiotics|vaccination|antibiotics|vaccination|water_cycle,1.0,1.0,1.0,1.0,0.059
paragraph,bm25,q56,confusable,What is the slow first reaction to an infection that takes one or two weeks to build?,vaccination,vaccination|photosynthesis|photosynthesis|coral_reefs|photosynthesis,1.0,1.0,1.0,1.0,0.077
paragraph,bm25,q57,confusable,What was the original evidence that the deep interior of the planet holds a liquid layer?,earthquakes,earthquakes|volcanoes|water_cycle|vaccination|earthquakes,1.0,1.0,1.0,1.0,0.055
paragraph,bm25,q58,confusable,Which pigment absorbs blue and red light most strongly?,photosynthesis,photosynthesis|renewable_energy|circulatory_system|vaccination|photosynthesis,1.0,1.0,1.0,1.0,0.05
paragraph,bm25,q59,confusable,Which leaf openings let carbon dioxide in and water vapour out?,photosynthesis|water_cycle,water_cycle|photosynthesis|photosynthesis|coral_reefs|volcanoes,1.0,1.0,1.0,1.0,0.059
paragraph,bm25,q60,confusable,Which form of storage still accounts for the largest grid storage capacity?,renewable_energy,renewable_energy|renewable_energy|apollo_programme|earthquakes|water_cycle,1.0,1.0,1.0,1.0,0.053
paragraph,dense,q01,lexical,Where in the chloroplast do the light-dependent reactions take place?,photosynthesis,photosynthesis|photosynthesis|photosynthesis|photosynthesis|photosynthesis,1.0,1.0,1.0,1.0,35.91
paragraph,dense,q02,lexical,Which enzyme fixes carbon dioxide in the Calvin cycle?,photosynthesis,photosynthesis|photosynthesis|photosynthesis|photosynthesis|coral_reefs,1.0,1.0,1.0,1.0,27.612
paragraph,dense,q03,paraphrased,Why do most leaves look green rather than red or blue?,photosynthesis,photosynthesis|photosynthesis|photosynthesis|photosynthesis|photosynthesis,1.0,1.0,1.0,1.0,41.161
paragraph,dense,q04,paraphrased,What happens to sugar production when a plant shuts its pores to hold on to water?,photosynthesis,photosynthesis|water_cycle|photosynthesis|photosynthesis|photosynthesis,1.0,1.0,1.0,1.0,77.649
paragraph,dense,q05,multi_hop,Which carrier molecule from the light reactions is used by the enzyme that fixes carbon dioxide?,photosynthesis,photosynthesis|photosynthesis|photosynthesis|photosynthesis|photosynthesis,1.0,1.0,1.0,1.0,43.033
paragraph,dense,q06,lexical,What proportion of the water on the planet is salty ocean water?,water_cycle,water_cycle|coral_reefs|water_cycle|coral_reefs|water_cycle,1.0,1.0,1.0,1.0,37.983
paragraph,dense,q07,lexical,What do cloud droplets condense onto?,water_cycle,water_cycle|water_cycle|water_cycle|water_cycle|photosynthesis,1.0,1.0,1.0,1.0,29.539
paragraph,dense,q08,paraphrased,Why is the far side of a mountain range drier than the side the wind hits?,water_cycle,water_cycle|volcanoes|renewable_energy|water_cycle|earthquakes,1.0,1.0,1.0,1.0,41.697
paragraph,dense,q09,paraphrased,How long does a single water molecule usually stay up in the air?,water_cycle,water_cycle|water_cycle|water_cycle|water_cycle|photosynthesis,1.0,1.0,1.0,1.0,37.534
paragraph,dense,q10,multi_hop,"How does water reach an aquifer, and what happens if it is taken out faster than that?",water_cycle,water_cycle|water_cycle|water_cycle|water_cycle|water_cycle,1.0,1.0,1.0,1.0,43.887
paragraph,dense,q11,lexical,What is the belt of volcanoes around the Pacific Ocean called?,volcanoes,volcanoes|volcanoes|volcanoes|volcanoes|volcanoes,1.0,1.0,1.0,1.0,32.824
paragraph,dense,q12,lexical,What are the dense mudflows formed when volcanic ash mixes with water called?,volcanoes,volcanoes|volcanoes|volcanoes|volcanoes|volcanoes,1.0,1.0,1.0,1.0,53.188
paragraph,dense,q13,paraphrased,"How does rock melt where two plates pull apart, without any extra heat being supplied?",volcanoes,volcanoes|volcanoes|volcanoes|earthquakes|volcanoes,1.0,1.0,1.0,1.0,58.153
paragraph,dense,q14,paraphrased,Which eruption is held up as the case where warnings worked and lives were saved?,volcanoes,volcanoes|volcanoes|volcanoes|earthquakes|volcanoes,1.0,1.0,1.0,1.0,35.167
paragraph,dense,q15,multi_hop,"Where is the sticky silica-rich magma generated, and which hazard does it produce?",volcanoes,volcanoes|volcanoes|volcanoes|volcanoes|volcanoes,1.0,1.0,1.0,1.0,37.356
paragraph,dense,q16,lexical,Which node in the heart acts as the pacemaker?,circulatory_system,circulatory_system|circulatory_system|circulatory_system|circulatory_system|photosynthesis,1.0,1.0,1.0,1.0,37.154
paragraph,dense,q17,lexical,Which vessels are the site of exchange between blood and the tissues?,circulatory_system,circulatory_system|circulatory_system|circulatory_system|circulatory_system|circulatory_system,1.0,1.0,1.0,1.0,34.765
paragraph,dense,q18,paraphrased,Why is one side of the heart noticeably more muscular than the other?,circulatory_system,circulatory_system|circulatory_system|circulatory_system|circulatory_system|circulatory_system,1.0,1.0,1.0,1.0,38.315
paragraph,dense,q19,paraphrased,What is the fatty narrowing of vessels that can end in a heart attack?,circulatory_system,circulatory_system|circulatory_system|circulatory_system|circulatory_system|circulatory_system,1.0,1.0,1.0,1.0,39.475
paragraph,dense,q20,multi_hop,"What sets the rhythm of the heart, and what carries oxygen in the blood it pumps?",circulatory_system,circulatory_system|circulatory_system|circulatory_system|circulatory_system|circulatory_system,1.0,1.0,1.0,1.0,37.675
paragraph,dense,q21,lexical,Which enzyme do the quinolone antibiotics inhibit?,antibiotics,antibiotics|antibiotics|antibiotics|antibiotics|antibiotics,1.0,1.0,1.0,1.0,65.878
paragraph,dense,q22,lexical,What is the transfer of resistance genes between bacteria on plasmids called?,antibiotics,antibiotics|antibiotics|antibiotics|photosynthesis|vaccination,1.0,1.0,1.0,1.0,41.929
paragraph,dense,q23,paraphrased,Why will these drugs do nothing for a common cold?,antibiotics,antibiotics|antibiotics|antibiotics|antibiotics|antibiotics,1.0,1.0,1.0,1.0,36.273
paragraph,dense,q24,paraphrased,What is given alongside a penicillin so that bacterial enzymes cannot break it down?,antibiotics,antibiotics|antibiotics|antibiotics|antibiotics|antibiotics,1.0,1.0,1.0,1.0,42.508
paragraph,dense,q25,multi_hop,"Which part of the bacterial cell do beta-lactams disrupt, and which enzyme defeats them?",antibiotics,antibiotics|antibiotics|antibiotics|antibiotics|antibiotics,1.0,1.0,1.0,1.0,89.156
paragraph,dense,q26,lexical,Which mission architecture did the Apollo planners adopt?,apollo_programme,apollo_programme|apollo_programme|apollo_programme|apollo_programme|apollo_programme,1.0,1.0,1.0,1.0,35.39
paragraph,dense,q27,lexical,Which launch vehicle carried the Apollo spacecraft?,apollo_programme,apollo_programme|apollo_programme|apollo_programme|apollo_programme|apollo_programme,1.0,1.0,1.0,1.0,37.527
paragraph,dense,q28,paraphrased,What did the returned rock samples suggest about how the Moon came to exist?,apollo_programme,apollo_programme|apollo_programme|apollo_programme|apollo_programme|apollo_programme,1.0,1.0,1.0,1.0,42.667
paragraph,dense,q29,paraphrased,"Which flight was cut short by a burst tank, and how did the crew get home?",apollo_programme,apollo_programme|apollo_programme|apollo_programme|apollo_programme|apollo_programme,1.0,1.0,1.0,1.0,65.987
paragraph,dense,q30,multi_hop,"Which earlier programme proved docking in orbit, and which accident forced a redesign?",apollo_programme,apollo_programme|apollo_programme|apollo_programme|apollo_programme|apollo_programme,1.0,1.0,1.0,1.0,39.39
paragraph,dense,q31,lexical,What is the efficiency ceiling of a single-junction photovoltaic cell called?,renewable_energy,renewable_energy|renewable_energy|renewable_energy|renewable_energy|photosynthesis,1.0,1.0,1.0,1.0,51.551
paragraph,dense,q32,lexical,What is the theoretical maximum share of wind energy a rotor can extract called?,renewable_energy,renewable_energy|renewable_energy|renewable_energy|renewable_energy|earthquakes,1.0,1.0,1.0,1.0,57.85
paragraph,dense,q33,paraphrased,Why does a modest increase in wind speed matter so much when choosing a site?,renewable_energy,renewable_energy|renewable_energy|renewable_energy|water_cycle|earthquakes,1.0,1.0,1.0,1.0,64.626
paragraph,dense,q34,paraphrased,Which figure compares what a plant actually produces in a year with running flat out all year?,renewable_energy,photosynthesis|water_cycle|renewable_energy|photosynthesis|photosynthesis,0.0,1.0,0.3333,1.0,40.255
paragraph,dense,q35,multi_hop,"What caps the efficiency of a silicon cell, and what capacity factor does solar typically reach?",renewable_energy,renewable_energy|renewable_energy|renewable_energy|renewable_energy|renewable_energy,1.0,1.0,1.0,1.0,35.682
paragraph,dense,q36,lexical,What is the repeated division of a matching B lymphocyte called?,vaccination,vaccination|circulatory_system|vaccination|vaccination|circulatory_system,1.0,1.0,1.0,1.0,53.733
paragraph,dense,q37,lexical,Why must influenza vaccines be reformulated every year?,vaccination,vaccination|vaccination|vaccination|vaccination|vaccination,1.0,1.0,1.0,1.0,43.945
paragraph,dense,q38,paraphrased,What shields a newborn who is too young to be immunised when nearly everyone else is protected?,vaccination,vaccination|vaccination|vaccination|vaccination|vaccination,1.0,1.0,1.0,1.0,41.82
paragraph,dense,q39,paraphrased,Which ingredient strengthens the response to a vaccine without being a target itself?,vaccination,vaccination|vaccination|vaccination|vaccination|antibiotics,1.0,1.0,1.0,1.0,48.48
paragraph,dense,q40,multi_hop,"Which cells make a second exposure faster, and which vaccine type protects for life after one or two doses?",vaccination,vaccination|vaccination|vaccination|vaccination|vaccination,1.0,1.0,1.0,1.0,40.819
paragraph,dense,q41,lexical,What are the single-celled algae living inside coral tissue called?,coral_reefs,coral_reefs|coral_reefs|coral_reefs|photosynthesis|coral_reefs,1.0,1.0,1.0,1.0,32.633
paragraph,dense,q42,lexical,Which mineral does a coral polyp deposit to form its skeleton?,coral_reefs,coral_reefs|coral_reefs|coral_reefs|coral_reefs|coral_reefs,1.0,1.0,1.0,1.0,33.704
paragraph,dense,q43,paraphrased,Why does a reef turn white after weeks of unusually warm water?,coral_reefs,coral_reefs|coral_reefs|coral_reefs|coral_reefs|coral_reefs,1.0,1.0,1.0,1.0,33.33
paragraph,dense,q44,paraphrased,Which starfish strips living tissue straight off the coral?,coral_reefs,coral_reefs|coral_reefs|coral_reefs|coral_reefs|coral_reefs,1.0,1.0,1.0,1.0,53.218
paragraph,dense,q45,multi_hop,"What supplies most of the energy a coral uses, and which chemical shift makes building a skeleton harder?",coral_reefs,coral_reefs|coral_reefs|coral_reefs|coral_reefs|coral_reefs,1.0,1.0,1.0,1.0,39.72
paragraph,dense,q46,lexical,Which theory explains the sudden slip of a fault that friction had locked?,earthquakes,earthquakes|earthquakes|volcanoes|earthquakes|volcanoes,1.0,1.0,1.0,1.0,68.154
paragraph,dense,q47,lexical,"Which seismic wave cannot pass through the outer core, and why?",earthquakes,earthquakes|earthquakes|earthquakes|earthquakes|volcanoes,1.0,1.0,1.0,1.0,45.165
paragraph,dense,q48,paraphrased,How can a single recording station work out how far away the source was?,earthquakes,earthquakes|earthquakes|earthquakes|circulatory_system|volcanoes,1.0,1.0,1.0,1.0,44.897
paragraph,dense,q49,paraphrased,Why do buildings on soft ground fare worse than those founded on solid rock?,earthquakes,earthquakes|earthquakes|earthquakes|earthquakes|volcanoes,1.0,1.0,1.0,1.0,56.735
paragraph,dense,q50,multi_hop,"Which kind of fault produces the very largest events, and which waves do most of the damage?",earthquakes,earthquakes|earthquakes|earthquakes|earthquakes|earthquakes,1.0,1.0,1.0,1.0,57.606
paragraph,dense,q51,confusable,Which small tremors give warning that magma is forcing a path upward?,volcanoes,volcanoes|volcanoes|volcanoes|volcanoes|earthquakes,1.0,1.0,1.0,1.0,54.38
paragraph,dense,q52,confusable,Which gas injected high into the atmosphere by the biggest eruptions cools the planet for a year or more?,volcanoes,volcanoes|volcanoes|water_cycle|volcanoes|volcanoes,1.0,1.0,1.0,1.0,39.425
paragraph,dense,q53,confusable,How does dissolved carbon dioxide change the acidity of seawater?,coral_reefs,coral_reefs|coral_reefs|photosynthesis|photosynthesis|coral_reefs,1.0,1.0,1.0,1.0,34.945
paragraph,dense,q54,confusable,How is sunlight turned straight into electricity?,renewable_energy,renewable_energy|photosynthesis|renewable_energy|photosynthesis|photosynthesis,1.0,1.0,1.0,1.0,29.501
paragraph,dense,q55,confusable,Which everyday measures cut the spread of resistant strains between patients?,antibiotics,antibiotics|antibiotics|vaccination|vaccination|antibiotics,1.0,1.0,1.0,1.0,56.354
paragraph,dense,q56,confusable,What is the slow first reaction to an infection that takes one or two weeks to build?,vaccination,vaccination|antibiotics|antibiotics|antibiotics|antibiotics,1.0,1.0,1.0,1.0,76.09
paragraph,dense,q57,confusable,What was the original evidence that the deep interior of the planet holds a liquid layer?,earthquakes,earthquakes|water_cycle|volcanoes|volcanoes|water_cycle,1.0,1.0,1.0,1.0,39.96
paragraph,dense,q58,confusable,Which pigment absorbs blue and red light most strongly?,photosynthesis,photosynthesis|photosynthesis|coral_reefs|photosynthesis|coral_reefs,1.0,1.0,1.0,1.0,63.123
paragraph,dense,q59,confusable,Which leaf openings let carbon dioxide in and water vapour out?,photosynthesis|water_cycle,water_cycle|photosynthesis|photosynthesis|photosynthesis|coral_reefs,1.0,1.0,1.0,1.0,34.382
paragraph,dense,q60,confusable,Which form of storage still accounts for the largest grid storage capacity?,renewable_energy,renewable_energy|renewable_energy|renewable_energy|renewable_energy|renewable_energy,1.0,1.0,1.0,1.0,48.321
paragraph,hybrid,q01,lexical,Where in the chloroplast do the light-dependent reactions take place?,photosynthesis,photosynthesis|photosynthesis|photosynthesis|photosynthesis|photosynthesis,1.0,1.0,1.0,1.0,39.465
paragraph,hybrid,q02,lexical,Which enzyme fixes carbon dioxide in the Calvin cycle?,photosynthesis,photosynthesis|photosynthesis|photosynthesis|coral_reefs|photosynthesis,1.0,1.0,1.0,1.0,36.465
paragraph,hybrid,q03,paraphrased,Why do most leaves look green rather than red or blue?,photosynthesis,photosynthesis|water_cycle|photosynthesis|photosynthesis|photosynthesis,1.0,1.0,1.0,1.0,36.142
paragraph,hybrid,q04,paraphrased,What happens to sugar production when a plant shuts its pores to hold on to water?,photosynthesis,photosynthesis|photosynthesis|photosynthesis|water_cycle|water_cycle,1.0,1.0,1.0,1.0,53.025
paragraph,hybrid,q05,multi_hop,Which carrier molecule from the light reactions is used by the enzyme that fixes carbon dioxide?,photosynthesis,photosynthesis|photosynthesis|photosynthesis|photosynthesis|photosynthesis,1.0,1.0,1.0,1.0,43.062
paragraph,hybrid,q06,lexical,What proportion of the water on the planet is salty ocean water?,water_cycle,water_cycle|water_cycle|coral_reefs|coral_reefs|water_cycle,1.0,1.0,1.0,1.0,32.83
paragraph,hybrid,q07,lexical,What do cloud droplets condense onto?,water_cycle,water_cycle|water_cycle|water_cycle|water_cycle|volcanoes,1.0,1.0,1.0,1.0,28.202
paragraph,hybrid,q08,paraphrased,Why is the far side of a mountain range drier than the side the wind hits?,water_cycle,water_cycle|renewable_energy|circulatory_system|volcanoes|water_cycle,1.0,1.0,1.0,1.0,40.699
paragraph,hybrid,q09,paraphrased,How long does a single water molecule usually stay up in the air?,water_cycle,water_cycle|photosynthesis|water_cycle|vaccination|photosynthesis,1.0,1.0,1.0,1.0,35.815
paragraph,hybrid,q10,multi_hop,"How does water reach an aquifer, and what happens if it is taken out faster than that?",water_cycle,water_cycle|water_cycle|water_cycle|water_cycle|water_cycle,1.0,1.0,1.0,1.0,44.506
paragraph,hybrid,q11,lexical,What is the belt of volcanoes around the Pacific Ocean called?,volcanoes,volcanoes|volcanoes|volcanoes|volcanoes|coral_reefs,1.0,1.0,1.0,1.0,37.26
paragraph,hybrid,q12,lexical,What are the dense mudflows formed when volcanic ash mixes with water called?,volcanoes,volcanoes|volcanoes|volcanoes|volcanoes|volcanoes,1.0,1.0,1.0,1.0,36.319
paragraph,hybrid,q13,paraphrased,"How does rock melt where two plates pull apart, without any extra heat being supplied?",volcanoes,volcanoes|volcanoes|volcanoes|earthquakes|volcanoes,1.0,1.0,1.0,1.0,32.117
paragraph,hybrid,q14,paraphrased,Which eruption is held up as the case where warnings worked and lives were saved?,volcanoes,volcanoes|volcanoes|volcanoes|volcanoes|earthquakes,1.0,1.0,1.0,1.0,32.077
paragraph,hybrid,q15,multi_hop,"Where is the sticky silica-rich magma generated, and which hazard does it produce?",volcanoes,volcanoes|volcanoes|volcanoes|volcanoes|volcanoes,1.0,1.0,1.0,1.0,31.673
paragraph,hybrid,q16,lexical,Which node in the heart acts as the pacemaker?,circulatory_system,circulatory_system|circulatory_system|circulatory_system|circulatory_system|circulatory_system,1.0,1.0,1.0,1.0,32.658
paragraph,hybrid,q17,lexical,Which vessels are the site of exchange between blood and the tissues?,circulatory_system,circulatory_system|circulatory_system|circulatory_system|circulatory_system|circulatory_system,1.0,1.0,1.0,1.0,32.599
paragraph,hybrid,q18,paraphrased,Why is one side of the heart noticeably more muscular than the other?,circulatory_system,circulatory_system|circulatory_system|circulatory_system|circulatory_system|circulatory_system,1.0,1.0,1.0,1.0,34.375
paragraph,hybrid,q19,paraphrased,What is the fatty narrowing of vessels that can end in a heart attack?,circulatory_system,circulatory_system|circulatory_system|circulatory_system|circulatory_system|circulatory_system,1.0,1.0,1.0,1.0,34.92
paragraph,hybrid,q20,multi_hop,"What sets the rhythm of the heart, and what carries oxygen in the blood it pumps?",circulatory_system,circulatory_system|circulatory_system|circulatory_system|circulatory_system|circulatory_system,1.0,1.0,1.0,1.0,33.062
paragraph,hybrid,q21,lexical,Which enzyme do the quinolone antibiotics inhibit?,antibiotics,antibiotics|antibiotics|antibiotics|antibiotics|antibiotics,1.0,1.0,1.0,1.0,32.161
paragraph,hybrid,q22,lexical,What is the transfer of resistance genes between bacteria on plasmids called?,antibiotics,antibiotics|antibiotics|antibiotics|antibiotics|photosynthesis,1.0,1.0,1.0,1.0,30.84
paragraph,hybrid,q23,paraphrased,Why will these drugs do nothing for a common cold?,antibiotics,antibiotics|antibiotics|antibiotics|antibiotics|antibiotics,1.0,1.0,1.0,1.0,26.849
paragraph,hybrid,q24,paraphrased,What is given alongside a penicillin so that bacterial enzymes cannot break it down?,antibiotics,antibiotics|antibiotics|antibiotics|antibiotics|antibiotics,1.0,1.0,1.0,1.0,33.259
paragraph,hybrid,q25,multi_hop,"Which part of the bacterial cell do beta-lactams disrupt, and which enzyme defeats them?",antibiotics,antibiotics|antibiotics|antibiotics|vaccination|antibiotics,1.0,1.0,1.0,1.0,34.909
paragraph,hybrid,q26,lexical,Which mission architecture did the Apollo planners adopt?,apollo_programme,apollo_programme|apollo_programme|apollo_programme|apollo_programme|apollo_programme,1.0,1.0,1.0,1.0,36.792
paragraph,hybrid,q27,lexical,Which launch vehicle carried the Apollo spacecraft?,apollo_programme,apollo_programme|apollo_programme|apollo_programme|apollo_programme|apollo_programme,1.0,1.0,1.0,1.0,36.001
paragraph,hybrid,q28,paraphrased,What did the returned rock samples suggest about how the Moon came to exist?,apollo_programme,apollo_programme|apollo_programme|apollo_programme|apollo_programme|volcanoes,1.0,1.0,1.0,1.0,43.385
paragraph,hybrid,q29,paraphrased,"Which flight was cut short by a burst tank, and how did the crew get home?",apollo_programme,apollo_programme|apollo_programme|apollo_programme|apollo_programme|apollo_programme,1.0,1.0,1.0,1.0,40.696
paragraph,hybrid,q30,multi_hop,"Which earlier programme proved docking in orbit, and which accident forced a redesign?",apollo_programme,apollo_programme|apollo_programme|apollo_programme|apollo_programme|apollo_programme,1.0,1.0,1.0,1.0,33.693
paragraph,hybrid,q31,lexical,What is the efficiency ceiling of a single-junction photovoltaic cell called?,renewable_energy,renewable_energy|renewable_energy|renewable_energy|renewable_energy|photosynthesis,1.0,1.0,1.0,1.0,33.543
paragraph,hybrid,q32,lexical,What is the theoretical maximum share of wind energy a rotor can extract called?,renewable_energy,renewable_energy|renewable_energy|renewable_energy|renewable_energy|water_cycle,1.0,1.0,1.0,1.0,31.535
paragraph,hybrid,q33,paraphrased,Why does a modest increase in wind speed matter so much when choosing a site?,renewable_energy,renewable_energy|renewable_energy|renewable_energy|earthquakes|photosynthesis,1.0,1.0,1.0,1.0,36.841
paragraph,hybrid,q34,paraphrased,Which figure compares what a plant actually produces in a year with running flat out all year?,renewable_energy,renewable_energy|photosynthesis|water_cycle|water_cycle|photosynthesis,1.0,1.0,1.0,1.0,32.975
paragraph,hybrid,q35,multi_hop,"What caps the efficiency of a silicon cell, and what capacity factor does solar typically reach?",renewable_energy,renewable_energy|renewable_energy|renewable_energy|renewable_energy|renewable_energy,1.0,1.0,1.0,1.0,33.43
paragraph,hybrid,q36,lexical,What is the repeated division of a matching B lymphocyte called?,vaccination,vaccination|circulatory_system|vaccination|vaccination|vaccination,1.0,1.0,1.0,1.0,29.358
paragraph,hybrid,q37,lexical,Why must influenza vaccines be reformulated every year?,vaccination,vaccination|vaccination|vaccination|vaccination|antibiotics,1.0,1.0,1.0,1.0,24.376
paragraph,hybrid,q38,paraphrased,What shields a newborn who is too young to be immunised when nearly everyone else is protected?,vaccination,vaccination|vaccination|vaccination|vaccination|vaccination,1.0,1.0,1.0,1.0,34.698
paragraph,hybrid,q39,paraphrased,Which ingredient strengthens the response to a vaccine without being a target itself?,vaccination,vaccination|vaccination|vaccination|vaccination|antibiotics,1.0,1.0,1.0,1.0,35.974
paragraph,hybrid,q40,multi_hop,"Which cells make a second exposure faster, and which vaccine type protects for life after one or two doses?",vaccination,vaccination|vaccination|vaccination|vaccination|vaccination,1.0,1.0,1.0,1.0,32.473
paragraph,hybrid,q41,lexical,What are the single-celled algae living inside coral tissue called?,coral_reefs,coral_reefs|coral_reefs|coral_reefs|coral_reefs|photosynthesis,1.0,1.0,1.0,1.0,35.349
paragraph,hybrid,q42,lexical,Which mineral does a coral polyp deposit to form its skeleton?,coral_reefs,coral_reefs|coral_reefs|coral_reefs|coral_reefs|coral_reefs,1.0,1.0,1.0,1.0,39.963
paragraph,hybrid,q43,paraphrased,Why does a reef turn white after weeks of unusually warm water?,coral_reefs,coral_reefs|coral_reefs|coral_reefs|coral_reefs|coral_reefs,1.0,1.0,1.0,1.0,41.306
paragraph,hybrid,q44,paraphrased,Which starfish strips living tissue straight off the coral?,coral_reefs,coral_reefs|coral_reefs|coral_reefs|coral_reefs|coral_reefs,1.0,1.0,1.0,1.0,39.904
paragraph,hybrid,q45,multi_hop,"What supplies most of the energy a coral uses, and which chemical shift makes building a skeleton harder?",coral_reefs,coral_reefs|coral_reefs|coral_reefs|coral_reefs|photosynthesis,1.0,1.0,1.0,1.0,31.565
paragraph,hybrid,q46,lexical,Which theory explains the sudden slip of a fault that friction had locked?,earthquakes,earthquakes|earthquakes|earthquakes|volcanoes|volcanoes,1.0,1.0,1.0,1.0,36.039
paragraph,hybrid,q47,lexical,"Which seismic wave cannot pass through the outer core, and why?",earthquakes,earthquakes|earthquakes|earthquakes|earthquakes|volcanoes,1.0,1.0,1.0,1.0,29.585
paragraph,hybrid,q48,paraphrased,How can a single recording station work out how far away the source was?,earthquakes,earthquakes|earthquakes|earthquakes|volcanoes|circulatory_system,1.0,1.0,1.0,1.0,33.651
paragraph,hybrid,q49,paraphrased,Why do buildings on soft ground fare worse than those founded on solid rock?,earthquakes,earthquakes|earthquakes|volcanoes|earthquakes|volcanoes,1.0,1.0,1.0,1.0,28.921
paragraph,hybrid,q50,multi_hop,"Which kind of fault produces the very largest events, and which waves do most of the damage?",earthquakes,earthquakes|earthquakes|earthquakes|earthquakes|earthquakes,1.0,1.0,1.0,1.0,30.542
paragraph,hybrid,q51,confusable,Which small tremors give warning that magma is forcing a path upward?,volcanoes,volcanoes|volcanoes|volcanoes|volcanoes|volcanoes,1.0,1.0,1.0,1.0,38.276
paragraph,hybrid,q52,confusable,Which gas injected high into the atmosphere by the biggest eruptions cools the planet for a year or more?,volcanoes,volcanoes|volcanoes|volcanoes|volcanoes|volcanoes,1.0,1.0,1.0,1.0,43.193
paragraph,hybrid,q53,confusable,How does dissolved carbon dioxide change the acidity of seawater?,coral_reefs,coral_reefs|photosynthesis|circulatory_system|photosynthesis|photosynthesis,1.0,1.0,1.0,1.0,50.472
paragraph,hybrid,q54,confusable,How is sunlight turned straight into electricity?,renewable_energy,renewable_energy|renewable_energy|water_cycle|antibiotics|photosynthesis,1.0,1.0,1.0,1.0,44.936
paragraph,hybrid,q55,confusable,Which everyday measures cut the spread of resistant strains between patients?,antibiotics,antibiotics|antibiotics|vaccination|vaccination|vaccination,1.0,1.0,1.0,1.0,50.613
paragraph,hybrid,q56,confusable,What is the slow first reaction to an infection that takes one or two weeks to build?,vaccination,vaccination|antibiotics|antibiotics|vaccination|photosynthesis,1.0,1.0,1.0,1.0,37.494
paragraph,hybrid,q57,confusable,What was the original evidence that the deep interior of the planet holds a liquid layer?,earthquakes,earthquakes|volcanoes|water_cycle|volcanoes|volcanoes,1.0,1.0,1.0,1.0,39.182
paragraph,hybrid,q58,confusable,Which pigment absorbs blue and red light most strongly?,photosynthesis,photosynthesis|photosynthesis|photosynthesis|coral_reefs|photosynthesis,1.0,1.0,1.0,1.0,35.912
paragraph,hybrid,q59,confusable,Which leaf openings let carbon dioxide in and water vapour out?,photosynthesis|water_cycle,water_cycle|photosynthesis|photosynthesis|coral_reefs|photosynthesis,1.0,1.0,1.0,1.0,40.041
paragraph,hybrid,q60,confusable,Which form of storage still accounts for the largest grid storage capacity?,renewable_energy,renewable_energy|renewable_energy|water_cycle|renewable_energy|water_cycle,1.0,1.0,1.0,1.0,42.211
